{
	"textures": [
		{
			"image": "mm.png",
			"format": "RGBA8888",
			"size": {
				"w": 35,
				"h": 43
			},
			"scale": 1,
			"frames": [
				{
					"filename": "idle/tile001.png",
					"rotated": false,
					"trimmed": false,
					"sourceSize": {
						"w": 33,
						"h": 41
					},
					"spriteSourceSize": {
						"x": 0,
						"y": 0,
						"w": 33,
						"h": 41
					},
					"frame": {
						"x": 1,
						"y": 1,
						"w": 33,
						"h": 41
					}
				},
				{
					"filename": "idle_fire/tile001.png",
					"rotated": false,
					"trimmed": false,
					"sourceSize": {
						"w": 33,
						"h": 41
					},
					"spriteSourceSize": {
						"x": 0,
						"y": 0,
						"w": 33,
						"h": 41
					},
					"frame": {
						"x": 1,
						"y": 1,
						"w": 33,
						"h": 41
					}
				},
				{
					"filename": "jump/tile001.png",
					"rotated": false,
					"trimmed": false,
					"sourceSize": {
						"w": 33,
						"h": 41
					},
					"spriteSourceSize": {
						"x": 0,
						"y": 0,
						"w": 33,
						"h": 41
					},
					"frame": {
						"x": 1,
						"y": 1,
						"w": 33,
						"h": 41
					}
				},
				{
					"filename": "jump_fire/tile001.png",
					"rotated": false,
					"trimmed": false,
					"sourceSize": {
						"w": 33,
						"h": 41
					},
					"spriteSourceSize": {
						"x": 0,
						"y": 0,
						"w": 33,
						"h": 41
					},
					"frame": {
						"x": 1,
						"y": 1,
						"w": 33,
						"h": 41
					}
				},
				{
					"filename": "running/tile001.png",
					"rotated": false,
					"trimmed": false,
					"sourceSize": {
						"w": 33,
						"h": 41
					},
					"spriteSourceSize": {
						"x": 0,
						"y": 0,
						"w": 33,
						"h": 41
					},
					"frame": {
						"x": 1,
						"y": 1,
						"w": 33,
						"h": 41
					}
				},
				{
					"filename": "running_fire/tile001.png",
					"rotated": false,
					"trimmed": false,
					"sourceSize": {
						"w": 33,
						"h": 41
					},
					"spriteSourceSize": {
						"x": 0,
						"y": 0,
						"w": 33,
						"h": 41
					},
					"frame": {
						"x": 1,
						"y": 1,
						"w": 33,
						"h": 41
					}
				}
			]
		}
	],
	"meta": {
		"app": "https://www.codeandweb.com/texturepacker",
		"version": "3.0",
		"smartupdate": "$TexturePacker:SmartUpdate:ab691f81926a8a38149787aaa0f5b23d:4a80835f76e7b54800d786b6f14c998d:54fb9d6ad31d0b5a385fdc5104de478d$"
	}
}
